Review Date,Sentimiento_Medio,Volumen_Reseñas
2023-07-25,0.6436915887850467,1712
2023-07-26,0.50625,1120
2023-07-27,0.47277936962750716,698
2023-07-28,0.30687830687830686,378
2023-07-29,0.34054054054054056,185
2023-07-30,0.24299065420560748,107
2023-07-31,0.5734513274336284,565
2023-08-01,0.44339622641509435,424
2023-08-02,0.329608938547486,179
2023-08-03,0.24503311258278146,151
2023-08-09,0.42063492063492064,126
2023-08-10,0.41379310344827586,116
2023-08-11,0.48514851485148514,101
2023-08-12,0.5765765765765766,111
2023-08-13,0.5476190476190477,126
2023-08-15,0.5865384615384616,104
2023-08-16,0.5508474576271186,118
2023-08-19,0.4077669902912621,103
2023-08-20,0.6134453781512605,119
2023-08-21,0.5546218487394958,119
2023-08-22,0.543859649122807,114
2023-08-23,0.5229357798165137,109
2023-08-24,0.56,100
2023-08-25,0.4634146341463415,123
2023-08-26,0.532258064516129,124
2023-08-27,0.5069444444444444,144
2023-08-28,0.5234899328859061,149
2023-08-29,0.2774566473988439,173
2023-08-30,0.4304635761589404,151
2023-08-31,0.3686868686868687,198
2023-09-01,0.41566265060240964,166
2023-09-02,0.46987951807228917,166
2023-09-03,0.5555555555555556,207
2023-09-04,0.6686746987951807,166
2023-09-05,0.6419753086419753,162
2023-09-06,0.6458333333333334,144
2023-09-07,0.5433526011560693,173
2023-09-08,0.5588235294117647,102
2023-09-09,0.6434782608695652,115
2023-09-10,0.5407407407407407,135
2023-09-11,0.664179104477612,134
2023-09-12,0.49645390070921985,141
2023-09-13,0.46218487394957986,119
2023-09-14,0.656,125
2023-09-15,0.6545454545454545,110
2023-09-16,0.6229508196721312,122
2023-09-17,0.5808823529411765,136
2023-09-18,0.6532258064516129,124
2023-09-19,0.6347826086956522,115
2023-09-20,0.6333333333333333,120
2023-09-21,0.6206896551724138,116
2023-09-22,0.6901408450704225,142
2023-09-23,0.72,100
2023-09-24,0.6041666666666666,144
2023-09-25,0.7009345794392523,107
2023-09-26,0.55,160
2023-09-27,0.632,125
2023-09-28,0.6055045871559633,109
2023-09-30,0.6090909090909091,110
2023-10-01,0.6052631578947368,114
2023-10-02,0.6451612903225806,124
2023-10-04,0.5149253731343284,134
2023-10-05,0.6037735849056604,106
2023-10-10,0.6534653465346535,101
2023-10-15,0.6470588235294118,102
2023-10-18,0.5294117647058824,102
2023-10-24,0.55,100
2023-11-01,0.616822429906542,107
2023-11-05,0.5811965811965812,117
2023-11-07,0.5673076923076923,104
2023-11-08,0.4036697247706422,109
2023-11-14,0.4789915966386555,119
2023-11-15,0.5867768595041323,121
2023-11-16,0.5714285714285714,147
2023-11-17,0.4925373134328358,134
2023-11-18,0.5955882352941176,136
2023-11-19,0.6081081081081081,148
2023-11-20,0.7,150
2023-11-21,0.5536723163841808,177
2023-11-22,0.6032388663967612,247
2023-11-23,0.6222222222222222,270
2023-11-24,0.6157024793388429,242
2023-11-25,0.6268656716417911,201
2023-11-26,0.6488888888888888,225
2023-11-27,0.6194331983805668,247
2023-11-28,0.6776859504132231,242
2023-11-29,0.7205240174672489,229
2023-11-30,0.7024390243902439,205
2023-12-01,0.6954314720812182,197
2023-12-02,0.6683937823834197,193
2023-12-03,0.625,208
2023-12-04,0.5238095238095238,189
2023-12-05,0.657608695652174,184
2023-12-06,0.7456896551724138,232
2023-12-07,0.6984924623115578,199
2023-12-08,0.5769230769230769,208
2023-12-09,0.6473684210526316,190
2023-12-10,0.6373626373626373,182
2023-12-11,0.6763005780346821,173
2023-12-12,0.7076023391812866,171
2023-12-13,0.5740740740740741,162
2023-12-14,0.6226415094339622,159
2023-12-15,0.5338345864661654,133
2023-12-16,0.46923076923076923,130
2023-12-17,0.6546762589928058,139
2023-12-18,0.5615384615384615,130
2023-12-19,0.5144927536231884,138
2023-12-20,0.5,170
2023-12-21,0.5813953488372093,129
2023-12-22,0.4520547945205479,146
2023-12-23,0.4765625,128
2023-12-24,0.4405594405594406,143
2023-12-25,0.5280898876404494,178
2023-12-26,0.38686131386861317,137
2023-12-27,0.47096774193548385,155
2023-12-28,0.453781512605042,119
2023-12-29,0.6590909090909091,132
2023-12-30,0.45864661654135336,133
2023-12-31,0.3951612903225806,124
2024-01-01,0.49640287769784175,139
2024-01-02,0.5985401459854015,137
2024-01-03,0.6090225563909775,133
2024-01-04,0.6201550387596899,129
2024-01-05,0.5615384615384615,130
2024-01-06,0.5934959349593496,123
2024-01-07,0.5562130177514792,169
2024-01-08,0.3945578231292517,147
2024-01-09,0.6089743589743589,156
2024-01-10,0.6190476190476191,168
2024-01-11,0.43670886075949367,158
2024-01-12,0.5971223021582733,139
2024-01-13,0.603448275862069,116
2024-01-14,0.42857142857142855,140
2024-01-15,0.5793103448275863,145
2024-01-16,0.5763888888888888,144
2024-01-17,0.6,145
2024-01-18,0.5526315789473685,152
2024-01-19,0.5597014925373134,134
2024-01-20,0.39097744360902253,133
2024-01-21,0.5102040816326531,147
2024-01-22,0.5074626865671642,134
2024-01-23,0.647887323943662,142
2024-01-24,0.5245901639344263,122
2024-01-25,0.5597014925373134,134
2024-01-26,0.475177304964539,141
2024-01-27,0.536,125
2024-01-28,0.5521472392638037,163
2024-01-29,0.528169014084507,142
2024-01-30,0.5394736842105263,152
2024-01-31,0.5819672131147541,122
2024-02-01,0.576271186440678,118
2024-02-02,0.5409836065573771,122
2024-02-03,0.5686274509803921,102
2024-02-04,0.4778761061946903,113
2024-02-05,0.6213592233009708,103
2024-02-06,0.49606299212598426,127
2024-02-07,0.6697247706422018,109
2024-02-08,0.5327868852459017,122
2024-02-09,0.6451612903225806,124
2024-02-10,0.6062992125984252,127
2024-02-11,0.5089285714285714,112
2024-02-12,0.5878378378378378,148
2024-02-13,0.5025380710659898,197
2024-02-14,0.44966442953020136,149
2024-02-15,0.635,200
2024-02-16,0.6178343949044586,157
2024-02-17,0.5974842767295597,159
2024-02-18,0.6171428571428571,175
2024-02-19,0.6363636363636364,176
2024-02-20,0.671957671957672,189
2024-02-21,0.5789473684210527,209
2024-02-22,0.6060606060606061,165
2024-02-23,0.5966850828729282,181
2024-02-24,0.47540983606557374,183
2024-02-25,0.4883720930232558,172
2024-02-26,0.6033519553072626,179
2024-02-27,0.546875,192
2024-02-28,0.625,168
2024-02-29,0.6271186440677966,177
2024-03-01,0.7291666666666666,144
2024-03-02,0.48299319727891155,147
2024-03-03,0.6120218579234973,183
2024-03-04,0.6097560975609756,164
2024-03-05,0.6982248520710059,169
2024-03-06,0.6141304347826086,184
2024-03-07,0.6058394160583942,137
2024-03-08,0.37333333333333335,150
2024-03-09,0.5932203389830508,118
2024-03-10,0.2627118644067797,118
2024-03-12,0.49107142857142855,112
2024-03-13,0.4392523364485981,107
2024-03-14,0.43333333333333335,120
2024-03-17,0.425,120
2024-03-18,0.4854368932038835,103
2024-03-19,0.5128205128205128,117
2024-03-20,0.3803680981595092,163
2024-03-21,0.59375,288
2024-03-22,0.6341463414634146,369
2024-03-23,0.6032110091743119,436
2024-03-24,0.6485943775100401,498
2024-03-25,0.6339468302658486,489
2024-03-26,0.6841046277665996,497
2024-03-27,0.6937119675456389,493
2024-03-28,0.704225352112676,426
2024-03-29,0.6674641148325359,418
2024-03-30,0.615606936416185,346
2024-03-31,0.6861702127659575,376
2024-04-01,0.6515151515151515,396
2024-04-02,0.6153846153846154,390
2024-04-03,0.6819338422391857,393
2024-04-04,0.7250673854447439,371
2024-04-05,0.6266233766233766,308
2024-04-06,0.6360544217687075,294
2024-04-07,0.6904761904761905,294
2024-04-08,0.6376811594202898,276
2024-04-09,0.6768060836501901,263
2024-04-10,0.6304347826086957,230
2024-04-11,0.5876288659793815,291
2024-04-12,0.5891472868217055,258
2024-04-13,0.6309523809523809,336
2024-04-14,0.6722689075630253,357
2024-04-15,0.7176165803108808,386
2024-04-16,0.7352941176470589,374
2024-04-17,0.5866336633663366,404
2024-04-18,0.6331521739130435,368
2024-04-19,0.6746268656716418,335
2024-04-20,0.6559485530546624,311
2024-04-21,0.6694444444444444,360
2024-04-22,0.7038043478260869,368
2024-04-23,0.6742209631728046,353
2024-04-24,0.6768447837150128,393
2024-04-25,0.6748466257668712,326
2024-04-26,0.6510263929618768,341
2024-04-27,0.6372549019607843,306
2024-04-28,0.6166666666666667,300
2024-04-29,0.6487455197132617,279
2024-04-30,0.647887323943662,284
2024-05-01,0.6715542521994134,341
2024-05-02,0.6381578947368421,304
2024-05-03,0.5932835820895522,268
2024-05-04,0.6162361623616236,271
2024-05-05,0.6678321678321678,286
2024-05-06,0.6463878326996197,263
2024-05-07,0.6275862068965518,290
2024-05-08,0.5857142857142857,280
2024-05-09,0.5730337078651685,267
2024-05-10,0.5903083700440529,227
2024-05-11,0.6491935483870968,248
2024-05-12,0.6843853820598007,301
2024-05-13,0.6242603550295858,338
2024-05-14,0.49530956848030017,533
2024-05-17,0.5950920245398773,489
2024-05-18,0.5702127659574469,470
2024-05-19,0.5950920245398773,489
2024-05-20,0.6370967741935484,496
2024-05-21,0.5495689655172413,464
2024-05-22,0.5273522975929978,457
2024-05-23,0.5804878048780487,410
2024-05-24,0.6196473551637279,397
2024-05-25,0.5825471698113207,424
2024-05-26,0.5839598997493735,399
2024-05-27,0.7023809523809523,420
2024-05-28,0.6153846153846154,403
2024-05-29,0.6793893129770993,393
2024-05-30,0.5798525798525799,407
2024-05-31,0.6469072164948454,388
2024-06-01,0.6656534954407295,329
2024-06-02,0.615606936416185,346
2024-06-03,0.6141078838174274,241
2024-06-04,0.18971631205673758,564
2024-06-05,0.576,375
2024-06-10,0.4925,400
2024-06-11,0.5233415233415234,407
2024-06-12,0.5302713987473904,479
2024-06-13,0.6395061728395062,405
2024-06-14,0.5244565217391305,368
2024-06-15,0.514018691588785,321
2024-06-16,0.5815602836879432,282
2024-06-17,0.4254742547425474,369
2024-06-18,0.5854430379746836,316
2024-06-19,0.525096525096525,259
2024-06-20,0.5365853658536586,205
2024-06-21,0.36464088397790057,181
2024-06-22,0.41530054644808745,183
2024-06-23,0.44623655913978494,186
2024-06-24,0.49044585987261147,157
2024-06-25,0.42857142857142855,147
2024-06-26,0.5277777777777778,180
2024-06-27,0.5642857142857143,280
2024-06-28,0.5654761904761905,336
2024-06-29,0.5625,320
2024-06-30,0.6481481481481481,324
2024-07-01,0.6702127659574468,376
2024-07-02,0.6684931506849315,365
2024-07-03,0.6111111111111112,378
2024-07-04,0.6446991404011462,349
2024-07-05,0.6158357771260997,341
2024-07-06,0.5457627118644067,295
2024-07-07,0.6070460704607046,369
2024-07-08,0.6738461538461539,325
2024-07-09,0.6106442577030813,357
2024-07-10,0.6629213483146067,356
2024-07-11,0.5901639344262295,305
2024-07-12,0.613013698630137,292
2024-07-13,0.6056338028169014,284
2024-07-14,0.6077844311377245,334
2024-07-15,0.6297709923664122,262
2024-07-16,0.6386861313868614,274
2024-07-17,0.5505952380952381,336
2024-07-18,0.6710526315789473,304
2024-07-19,0.6461538461538462,260
2024-07-20,0.6789667896678967,271
2024-07-21,0.6338461538461538,325
2024-07-22,0.6217105263157895,304
2024-07-23,0.6078431372549019,306
2024-07-24,0.6352941176470588,340
2024-07-25,0.649546827794562,331
2024-07-26,0.5787671232876712,292
2024-07-27,0.620817843866171,269
2024-07-28,0.6383561643835617,365
2024-07-29,0.6072423398328691,359
2024-07-30,0.6610169491525424,354
2024-07-31,0.6155913978494624,372
2024-08-01,0.6565096952908587,361
2024-08-02,0.6076388888888888,288
2024-08-03,0.5865724381625441,283
2024-08-04,0.6266233766233766,308
2024-08-05,0.6033333333333334,300
2024-08-06,0.6261980830670927,313
2024-08-07,0.6232686980609419,361
2024-08-08,0.5910652920962199,291
2024-08-09,0.6188811188811189,286
2024-08-10,0.5981012658227848,316
2024-08-11,0.7044198895027625,362
2024-08-12,0.6537216828478964,309
2024-08-13,0.7206349206349206,315
2024-08-14,0.6124661246612466,369
2024-08-15,0.6304985337243402,341
2024-08-16,0.6132075471698113,318
2024-08-17,0.6387959866220736,299
2024-08-18,0.6549865229110512,371
2024-08-19,0.6528925619834711,363
2024-08-20,0.7120418848167539,382
2024-08-21,0.65311004784689,418
2024-08-22,0.5983379501385041,361
2024-08-23,0.60790273556231,329
2024-08-24,0.7026239067055393,343
2024-08-25,0.625,344
2024-08-26,0.6194225721784777,381
2024-08-27,0.6941489361702128,376
2024-08-28,0.5914786967418546,399
2024-08-29,0.6509186351706037,381
2024-08-30,0.59375,352
2024-08-31,0.6656626506024096,332
2024-09-01,0.6747311827956989,372
2024-09-02,0.6015424164524421,389
2024-09-03,0.6511627906976745,387
2024-09-04,0.6236842105263158,380
2024-09-05,0.6155988857938719,359
2024-09-06,0.6403785488958991,317
2024-09-07,0.5582089552238806,335
2024-09-08,0.6014851485148515,404
2024-09-09,0.6377171215880894,403
2024-09-10,0.6067708333333334,384
2024-09-11,0.5881006864988558,437
2024-09-12,0.5700934579439252,428
2024-09-13,0.603399433427762,353
2024-09-14,0.5710059171597633,338
2024-09-15,0.6112600536193029,373
2024-09-16,0.5590778097982709,347
2024-09-17,0.606280193236715,414
2024-09-18,0.5697399527186762,423
2024-09-19,0.5773195876288659,388
2024-09-20,0.5582655826558266,369
2024-09-21,0.5439560439560439,364
2024-09-22,0.6313131313131313,396
2024-09-23,0.5986842105263158,304
2024-09-24,0.6211180124223602,322
2024-09-25,0.5619335347432024,331
2024-09-26,0.6142433234421365,337
2024-09-27,0.5625,288
2024-09-28,0.5224913494809689,289
2024-09-29,0.5933734939759037,332
2024-09-30,0.5853658536585366,328
2024-10-01,0.6118881118881119,286
2024-10-02,0.5617647058823529,340
2024-10-03,0.5829145728643216,398
2024-10-04,0.6239554317548747,359
2024-10-05,0.5621301775147929,338
2024-10-06,0.6361185983827493,371
2024-10-07,0.66,150
2024-10-08,-0.12907117008443908,829
2024-10-09,0.656441717791411,326
2024-10-10,0.6389776357827476,313
2024-10-11,0.6217948717948718,312
2024-10-12,0.693069306930693,303
2024-10-13,0.6341463414634146,328
2024-10-14,0.6892307692307692,325
2024-10-15,0.6434540389972145,359
2024-10-16,0.6265432098765432,324
2024-10-17,0.6914893617021277,376
2024-10-18,0.6574923547400612,327
2024-10-19,0.6775147928994083,338
2024-10-20,0.639686684073107,383
2024-10-21,0.6254071661237784,307
2024-10-22,0.6024464831804281,327
2024-10-23,0.6193353474320241,331
2024-10-24,0.6441717791411042,326
2024-10-25,0.6516516516516516,333
2024-10-26,0.6761904761904762,315
2024-10-27,0.6214511041009464,317
2024-10-28,0.6537216828478964,309
2024-10-29,0.6888111888111889,286
2024-10-30,0.6083916083916084,286
2024-10-31,0.5639097744360902,266
2024-11-02,0.5114754098360655,305
2024-11-03,0.5253164556962026,316
2024-11-04,0.535483870967742,310
2024-11-05,0.6228373702422145,289
2024-11-06,0.6396103896103896,308
2024-11-07,0.673202614379085,306
2024-11-08,0.5936507936507937,315
2024-11-09,0.5617647058823529,340
2024-11-10,0.6357827476038339,313
2024-11-12,0.6655052264808362,287
2024-11-13,0.6342281879194631,298
2024-11-14,0.6691176470588235,272
2024-11-15,0.6713286713286714,286
2024-11-16,0.623015873015873,252
2024-11-17,0.6625,320
2024-11-18,0.6557971014492754,276
2024-11-19,0.6807017543859649,285
2024-11-20,0.6825396825396826,315
2024-11-21,0.7127659574468085,282
2024-11-22,0.7546468401486989,269
2024-11-23,0.6450381679389313,262
2024-11-24,0.6523076923076923,325
2024-11-26,0.5679012345679012,324
2024-11-27,0.6953316953316954,407
2024-11-28,0.6804407713498623,363
2024-11-29,0.7201946472019465,411
2024-11-30,0.6253443526170799,363
2024-12-01,0.6275510204081632,392
2024-12-02,0.6047120418848168,382
2024-12-03,0.6883468834688347,369
2024-12-04,0.6299019607843137,408
2024-12-05,0.6416040100250626,399
2024-12-06,0.6884272997032641,337
2024-12-07,0.5223880597014925,402
2024-12-08,0.6065989847715736,394
2024-12-09,0.6709511568123393,389
2024-12-10,0.6802575107296137,466
2024-12-12,0.39029126213592236,515
2024-12-13,0.6972010178117048,393
2024-12-14,0.6846361185983828,371
2024-12-15,0.6056701030927835,388
2024-12-16,0.6366120218579235,366
2024-12-17,0.712468193384224,393
2024-12-18,0.6555555555555556,360
2024-12-19,0.6787564766839378,386
2024-12-20,0.6458333333333334,384
2024-12-21,0.543010752688172,372
2024-12-22,0.7206703910614525,358
2024-12-23,0.690537084398977,391
2024-12-24,0.6684931506849315,365
2024-12-25,0.6648793565683646,373
2024-12-26,0.60880195599022,409
2024-12-27,0.5456919060052219,383
2024-12-28,0.6974789915966386,357
2024-12-29,0.6896551724137931,348
2024-12-30,0.6932153392330384,339
2024-12-31,0.6546961325966851,362
2025-01-01,0.6714285714285714,350
2025-01-02,0.6307692307692307,455
2025-01-03,0.6296296296296297,351
2025-01-04,0.6666666666666666,366
2025-01-05,0.6885245901639344,427
2025-01-06,0.6750524109014675,477
2025-01-07,0.6658227848101266,395
2025-01-08,0.6851063829787234,470
2025-01-09,0.6753812636165577,459
2025-01-10,0.5991983967935872,499
2025-01-11,0.6277915632754343,403
2025-01-12,0.6636771300448431,446
2025-01-13,0.6421052631578947,380
2025-01-14,0.656934306569343,411
2025-01-15,0.713302752293578,436
2025-01-16,0.7067307692307693,416
2025-01-17,0.6757425742574258,404
2025-01-18,0.6443298969072165,388
2025-01-19,0.7101123595505618,445
2025-01-20,0.6298850574712643,435
2025-01-21,0.6681922196796338,437
2025-01-22,0.7145922746781116,466
2025-01-23,0.5253549695740365,493
2025-01-24,0.6966019417475728,412
2025-01-25,0.683377308707124,379
2025-01-26,0.6391982182628062,449
2025-01-27,0.5701559020044543,449
2025-01-28,0.5439330543933054,478
2025-01-29,0.5674157303370787,534
2025-01-30,0.6182902584493042,503
2025-01-31,0.5867768595041323,484
2025-02-01,0.6493212669683258,442
2025-02-02,0.6512096774193549,496
2025-02-03,0.7191011235955056,445
2025-02-04,0.6247240618101545,453
2025-02-05,0.6172607879924953,533
2025-02-06,0.4905335628227194,581
2025-02-07,0.5626423690205011,439
2025-02-08,0.621505376344086,465
2025-02-09,0.6552462526766595,467
2025-02-10,0.6342975206611571,484
2025-02-11,0.6282828282828283,495
2025-02-12,0.6950207468879668,482
2025-02-13,0.6637554585152838,458
2025-02-14,0.5963302752293578,436
2025-02-15,0.6202247191011236,445
2025-02-16,0.6736474694589878,573
2025-02-17,0.6143410852713178,516
2025-02-18,0.6023856858846919,503
2025-02-19,0.6078066914498141,538
2025-02-20,0.6744186046511628,473
2025-02-21,0.6963906581740976,471
2025-02-22,0.6522633744855967,486
2025-02-25,0.695364238410596,453
2025-02-26,0.6932773109243697,476
2025-02-27,0.6767895878524945,461
2025-02-28,0.6901408450704225,497
2025-03-01,0.65,440
2025-03-02,0.6653386454183267,502
2025-03-03,0.6216216216216216,444
2025-03-04,0.7161016949152542,472
2025-03-05,0.6052060737527115,461
2025-03-06,0.640625,512
2025-03-07,0.6619047619047619,420
2025-03-08,0.6328293736501079,463
2025-03-10,0.6901098901098901,455
2025-03-11,0.6542669584245077,457
2025-03-12,0.5913461538461539,416
2025-03-13,0.6194690265486725,452
2025-03-14,0.6587677725118484,422
2025-03-15,0.5955056179775281,445
2025-03-16,0.644,500
2025-03-17,0.7139689578713969,451
2025-03-18,0.6016096579476862,497
2025-03-19,0.6865079365079365,504
2025-03-20,0.6594488188976378,508
2025-03-21,0.6183908045977011,435
2025-03-22,0.6188524590163934,488
2025-03-24,0.6574074074074074,432
2025-03-25,0.5740318906605922,439
2025-03-26,0.5959367945823928,443
2025-03-27,0.5885057471264368,435
2025-03-31,0.2,100
2025-04-01,0.36379613356766255,1138
2025-04-02,0.4947429906542056,1712
2025-04-03,0.46957123098201936,1446
2025-04-04,0.4846041055718475,1364
2025-04-05,0.5512073272273106,1201
2025-04-06,0.5131022823330516,1183
2025-04-07,0.5,1186
2025-04-08,0.5758880516684607,929
2025-04-09,0.5280172413793104,928
2025-04-10,0.5690968443960827,919
2025-04-11,0.5127582017010935,823
2025-04-12,0.5579617834394904,785
2025-04-13,0.5709219858156028,846
2025-04-14,0.5544303797468354,790
2025-04-15,0.5453194650817236,673
2025-04-16,0.5819548872180451,665
2025-04-17,0.5680473372781065,676
2025-04-18,0.559593023255814,688
2025-04-20,0.5781922525107605,697
2025-04-21,0.6661538461538462,650
2025-04-22,0.5981735159817352,657
2025-04-23,0.5870646766169154,603
2025-04-24,0.5845921450151057,662
2025-04-25,0.5637795275590551,635
2025-04-26,0.5443234836702955,643
2025-04-28,0.5616045845272206,698
2025-04-29,0.6132075471698113,636
2025-04-30,0.5401069518716578,561
2025-05-01,0.5444947209653092,663
2025-05-02,0.5439469320066335,603
2025-05-03,0.5329768270944741,561
2025-05-04,0.587378640776699,618
2025-05-05,0.5683060109289617,549
2025-05-06,0.5189873417721519,632
2025-05-07,0.5279187817258884,591
2025-05-08,0.5463108320251178,637
2025-05-09,0.5334394904458599,628
2025-05-10,0.5619694397283531,589
2025-05-11,0.5537459283387622,614
2025-05-12,0.48825503355704697,596
2025-05-13,0.6309904153354633,626
2025-05-14,0.6106750392464678,637
2025-05-15,0.5815831987075929,619
2025-05-17,0.5778145695364238,604
2025-05-18,0.6008119079837618,739
2025-05-19,0.5950155763239875,642
2025-05-21,0.5833333333333334,720
2025-05-22,0.5901426718547341,771
2025-05-23,0.6098981077147017,687
2025-05-24,0.5586987270155587,707
2025-05-25,0.5635876840696118,747
2025-05-26,0.6331360946745562,676
2025-05-31,0.5913818722139673,673
2025-06-01,0.5957446808510638,752
2025-06-02,0.5754583921015515,709
2025-06-04,0.5682819383259912,681
2025-06-05,0.5897435897435898,741
2025-06-06,0.5925324675324676,616
2025-06-07,0.5424929178470255,706
2025-06-08,0.6132971506105834,737
2025-06-09,0.6060100166944908,599
2025-06-12,0.6112469437652812,818
2025-06-14,0.6089049338146811,831
2025-06-15,0.6185819070904646,818
2025-06-16,0.5693069306930693,808
2025-06-19,0.5743801652892562,968
2025-06-20,0.589098532494759,954
2025-06-21,0.5436046511627907,1032
2025-06-22,0.5695238095238095,1050
2025-06-23,0.5983522142121525,971
2025-06-24,0.5969162995594713,908
2025-06-25,0.553478712357217,963
2025-06-27,0.5474452554744526,959
2025-06-28,0.5507246376811594,966
2025-06-29,0.5483576642335767,1096
2025-06-30,0.6028602860286029,909
2025-07-02,0.583625730994152,855
2025-07-03,0.646441073512252,857
2025-07-04,0.6305170239596469,793
2025-07-05,0.6189944134078212,895
2025-07-06,0.6274509803921569,918
2025-07-07,0.6266318537859008,766
2025-07-08,0.606280193236715,828
2025-07-09,0.6452020202020202,792
2025-07-11,0.6184364060676779,857
2025-07-12,0.6007556675062973,794
2025-07-13,0.6165158371040724,884
2025-07-15,0.5746666666666667,750
2025-07-16,0.6189224704336399,761
2025-07-17,0.5537084398976982,782
2025-07-18,0.57,800
2025-07-21,0.5407894736842105,760
2025-07-22,0.5899182561307902,734
2025-07-23,0.5802469135802469,729
2025-07-24,0.6240875912408759,822
2025-07-25,0.5246132208157525,711
2025-07-26,0.54296875,768
2025-07-27,0.5340253748558247,867
2025-07-28,0.519774011299435,708
2025-07-29,0.5180722891566265,747
2025-07-30,0.5351123595505618,712
2025-07-31,0.5460526315789473,760
2025-08-01,0.5226277372262774,685
2025-08-02,0.5386819484240688,698
2025-08-03,0.5269607843137255,816
2025-08-05,0.5226939970717424,683
2025-08-07,0.5459558823529411,544
2025-08-11,0.2995169082125604,414
2025-08-12,0.3818407960199005,804
2025-08-13,0.4036697247706422,872
2025-08-15,0.4632258064516129,775
2025-08-16,0.43329253365973075,817
2025-08-17,0.4815242494226328,866
2025-08-18,0.5090403337969402,719
2025-08-19,0.45342312008978675,891
2025-08-20,0.5547445255474452,685
2025-08-21,0.516642547033285,691
2025-08-22,0.5104895104895105,715
2025-08-23,0.5357624831309041,741
2025-08-25,0.4849726775956284,732
2025-08-27,0.5322812051649928,697
2025-08-28,0.49640287769784175,695
2025-08-29,0.6049004594180705,653
2025-08-30,0.5537414965986395,735
2025-08-31,0.4621409921671018,766
2025-09-01,0.586687306501548,646
2025-09-02,0.5400313971742543,637
2025-09-03,0.5079136690647482,695
2025-09-04,0.5823863636363636,704
2025-09-05,0.5437415881561238,743
2025-09-06,0.5289139633286318,709
2025-09-07,0.5530864197530864,810
2025-09-08,0.5216049382716049,648
2025-09-09,0.5192878338278932,674
2025-09-10,0.5341530054644809,732
2025-09-11,0.5552486187845304,724
2025-09-12,0.5383502170767004,691
2025-09-13,0.48693259972489683,727
2025-09-15,0.46774193548387094,682
2025-09-16,0.44807121661721067,674
2025-09-18,0.49777777777777776,675
2025-09-20,0.39865996649916247,597
2025-09-21,0.4409340659340659,728
2025-09-22,0.44745222929936307,628
2025-09-23,0.42710120068610635,583
2025-09-24,0.474169741697417,542
2025-09-25,0.4882032667876588,551
2025-09-27,0.3418803418803419,585
2025-09-29,0.42857142857142855,518
2025-09-30,0.42084942084942084,518
2025-10-03,0.44844124700239807,417
2025-10-04,0.4107142857142857,392
2025-10-05,0.4934782608695652,460
2025-10-06,0.4551971326164875,558
2025-10-07,0.43902439024390244,574
2025-10-08,0.3422562141491396,523
2025-10-09,0.3597678916827853,517
2025-10-10,0.34563106796116505,515
2025-10-11,0.3894927536231884,552
2025-10-12,0.3802083333333333,576
2025-10-13,0.4074766355140187,535
2025-10-14,0.42610364683301344,521
2025-10-15,0.488,500
2025-10-16,0.44047619047619047,504
2025-10-17,0.42857142857142855,448
2025-10-18,0.4989429175475687,473
2025-10-20,0.5190156599552572,447
2025-10-21,0.4661016949152542,472
2025-10-22,0.4470588235294118,510
2025-10-23,0.4228456913827655,499
2025-10-25,0.4685466377440347,461
2025-10-26,0.44022770398481975,527
2025-10-27,0.4980392156862745,510
2025-10-28,0.48770491803278687,488
2025-10-30,0.46853146853146854,429
2025-10-31,0.5319634703196348,438
2025-11-01,0.47845804988662133,441
2025-11-02,0.5150115473441108,433
2025-11-03,0.5185185185185185,405
2025-11-04,0.4517453798767967,487
2025-11-07,0.5325842696629214,445
2025-11-08,0.5089686098654709,446
2025-11-09,0.5381263616557734,459
2025-11-10,0.4630071599045346,419
2025-11-11,0.40476190476190477,420
2025-11-12,0.39215686274509803,408
2025-11-13,0.4666666666666667,390
2025-11-14,0.5013262599469496,377
2025-11-15,0.4739454094292804,403
2025-11-16,0.5214446952595937,443
2025-11-17,0.5058823529411764,340
2025-11-19,0.44878048780487806,410
2025-11-20,0.46987951807228917,415
2025-11-21,0.5026455026455027,378
2025-11-22,0.46408839779005523,362
2025-11-24,0.5495495495495496,333
2025-11-26,0.5773195876288659,388
2025-11-27,0.5065616797900262,381
2025-11-29,0.5386904761904762,336
2025-11-30,0.49748743718592964,398
2025-12-01,0.4937888198757764,322
2025-12-03,0.4808743169398907,366
2025-12-04,0.5582089552238806,335
2025-12-05,0.5364431486880467,343
2025-12-07,0.4906166219839142,373
2025-12-08,0.4928774928774929,351
2025-12-11,0.558282208588957,326
2025-12-12,0.38837920489296635,327
2025-12-13,0.5281899109792285,337
2025-12-14,0.42676767676767674,396
2025-12-15,0.503030303030303,330
2025-12-16,0.6258064516129033,310
2025-12-17,0.49710982658959535,346
2025-12-19,0.4664804469273743,358
2025-12-20,0.4228855721393035,402
2025-12-21,0.36929460580912865,482
2025-12-22,0.52,325
2025-12-23,0.5405405405405406,370
2025-12-24,0.5584045584045584,351
2025-12-25,0.5685714285714286,350
2025-12-27,0.566579634464752,383
2025-12-28,0.5732647814910026,389
2025-12-30,0.5718157181571816,369
2025-12-31,0.5027472527472527,364
2026-01-01,0.6192052980132451,302
2026-01-02,0.5885714285714285,350
2026-01-03,0.5917874396135265,414
2026-01-05,0.6104218362282878,403
2026-01-07,0.5759036144578313,415
2026-01-08,0.5366379310344828,464
2026-01-10,0.616504854368932,412
2026-01-11,0.5976190476190476,420
2026-01-12,0.5680628272251309,382
2026-01-13,0.6104218362282878,403
2026-01-14,0.5972222222222222,432
2026-01-15,0.623608017817372,449
2026-01-16,0.5578703703703703,432
2026-01-19,0.5583126550868487,403
2026-01-20,0.5837004405286343,454
2026-01-21,0.6222826086956522,368
2026-01-22,0.5772151898734177,395
2026-01-25,0.6382428940568475,387
2026-01-26,0.6712962962962963,432
2026-01-28,0.6344086021505376,372
2026-01-29,0.5786802030456852,394
2026-01-30,0.6010230179028133,391
2026-02-01,0.5313807531380753,478
2026-02-02,0.5620052770448549,379
2026-02-03,0.6436781609195402,435
2026-02-04,0.6418219461697723,483
2026-02-05,0.5647058823529412,425
2026-02-06,0.6181384248210023,419
2026-02-07,0.5054945054945055,455
2026-02-08,0.660377358490566,477
2026-02-09,0.6805555555555556,576
2026-02-11,0.6718092566619915,713
2026-02-12,0.6192893401015228,788
2026-02-13,0.6600284495021337,703
2026-02-14,0.5817655571635311,691
2026-02-15,0.6251944012441679,643
2026-02-18,0.6617100371747212,538
2026-02-20,0.6411214953271028,535
2026-02-21,0.6097560975609756,533
2026-02-22,0.648506151142355,569
2026-02-23,0.6088794926004228,473
2026-02-24,0.6403326403326404,481
2026-02-25,0.6285714285714286,525
2026-02-27,0.6024096385542169,498
2026-03-01,-0.10663983903420524,497
2026-03-02,0.2900763358778626,131
2026-03-20,0.5505952380952381,336
2026-03-21,0.49441340782122906,358
2026-03-22,0.4684466019417476,412
2026-03-23,0.5076530612244898,392
2026-03-25,0.5164319248826291,426
2026-03-27,0.2727272727272727,121
2026-03-28,0.4577259475218659,343
2026-03-29,0.5134408602150538,372
2026-03-30,0.424,375
2026-04-01,0.4927536231884058,345
2026-04-02,0.4697802197802198,364
2026-04-03,0.47783251231527096,406
2026-04-05,0.4986072423398329,359
2026-04-06,0.5261627906976745,344
2026-04-09,0.5047619047619047,315
2026-04-11,0.4783950617283951,324
2026-04-12,0.5125628140703518,398
2026-04-13,0.5083056478405316,301
2026-04-14,0.5098039215686274,408
2026-04-16,0.4417910447761194,335
2026-04-17,0.5162241887905604,339
2026-04-18,0.4624624624624625,333
2026-04-19,0.4123989218328841,371
2026-04-20,0.5909090909090909,132
2026-04-25,0.16666666666666666,138
2026-04-28,0.1,130
2026-05-01,0.06172839506172839,162
2026-05-02,0.2231404958677686,121
2026-05-03,0.176056338028169,142
2026-05-04,0.13333333333333333,150
2026-05-05,0.1746987951807229,166
2026-05-06,0.4402730375426621,293
2026-05-07,0.5574712643678161,522
2026-05-08,0.6172344689378757,499
